<?xml version="1.0" encoding="UTF-8"?>
<project-private xmlns="http://www.netbeans.org/ns/project-private/1">
    <editor-bookmarks xmlns="http://www.netbeans.org/ns/editor-bookmarks/2" lastBookmarkId="1">
        <file>
            <url>src/TelaPedido.java</url>
            <bookmark id="1">
                <name/>
                <line>26</line>
                <key/>
            </bookmark>
        </file>
    </editor-bookmarks>
    <open-files xmlns="http://www.netbeans.org/ns/projectui-open-files/2">
        <group>
            <file>file:/Z:/Orientação%20a%20Objetos/Projeto%20FInal/Cliente/src/VerificaLogin.java</file>
            <file>file:/Z:/Orientação%20a%20Objetos/Projeto%20FInal/Cliente/src/TelaPedido.java</file>
            <file>file:/Z:/Orientação%20a%20Objetos/Projeto%20FInal/Cliente/src/Conect.java</file>
            <file>file:/Z:/Orientação%20a%20Objetos/Projeto%20FInal/Cliente/src/Pedidos.java</file>
            <file>file:/Z:/Orientação%20a%20Objetos/Projeto%20FInal/Cliente/src/Edit.java</file>
            <file>file:/Z:/Orientação%20a%20Objetos/Projeto%20FInal/Cliente/src/Cliente.java</file>
            <file>file:/Z:/Orientação%20a%20Objetos/Projeto%20FInal/Cliente/src/TelaEditPedido.java</file>
            <file>file:/Z:/Orientação%20a%20Objetos/Projeto%20FInal/Cliente/src/Cadastro.java</file>
            <file>file:/Z:/Orientação%20a%20Objetos/Projeto%20FInal/Cliente/src/Conexão.java</file>
        </group>
    </open-files>
</project-private>
